HREF,LABEL,SOURCE PAGE,HTTP,FINAL URL,FRAGMENT VALID
https://www.fixeo.ma/index.html,,a-propos.html,200,https://www.fixeo.ma/index.html,True
https://www.fixeo.ma/services.html,Services,a-propos.html,200,https://www.fixeo.ma/services.html,True
https://www.fixeo.ma/artisans.html,Artisans,a-propos.html,200,https://www.fixeo.ma/artisans.html,True
https://www.fixeo.ma/comment-ca-marche.html,Comment ça marche,a-propos.html,200,https://www.fixeo.ma/comment-ca-marche.html,True
https://www.fixeo.ma/pricing.html,Tarifs,a-propos.html,200,https://www.fixeo.ma/pricing.html,True
https://www.fixeo.ma/entreprises.html,Entreprises,a-propos.html,200,https://www.fixeo.ma/entreprises.html,True
https://www.fixeo.ma/a-propos.html,À propos,a-propos.html,200,https://www.fixeo.ma/a-propos.html,True
https://www.fixeo.ma/rejoindre-fixeo.html,Rejoindre Fixeo,a-propos.html,200,https://www.fixeo.ma/rejoindre-fixeo.html,True
https://www.fixeo.ma/rejoindre-fixeo.html#revendiquer,Revendiquer mon profil,a-propos.html,200,https://www.fixeo.ma/rejoindre-fixeo.html#revendiquer,True
https://www.fixeo.ma/dashboard-artisan-v2.html,Espace artisan,a-propos.html,200,https://www.fixeo.ma/dashboard-artisan-v2.html,True
https://www.fixeo.ma/contact.html,Contact,a-propos.html,200,https://www.fixeo.ma/contact.html,True
https://www.fixeo.ma/faq.html,FAQ,a-propos.html,200,https://www.fixeo.ma/faq.html,True
https://www.fixeo.ma/equipe.html,Équipe éditoriale,a-propos.html,200,https://www.fixeo.ma/equipe.html,True
https://www.fixeo.ma/whatsapp.html,WhatsApp Fixeo,a-propos.html,200,https://www.fixeo.ma/whatsapp.html,True
https://www.fixeo.ma/presse-partenariats.html,Presse & Partenariats,a-propos.html,200,https://www.fixeo.ma/presse-partenariats.html,True
https://www.fixeo.ma/cgu.html,CGU,a-propos.html,200,https://www.fixeo.ma/cgu.html,True
https://www.fixeo.ma/confidentialite.html,Confidentialité,a-propos.html,200,https://www.fixeo.ma/confidentialite.html,True
https://www.fixeo.ma/mentions-legales.html,Mentions légales,a-propos.html,200,https://www.fixeo.ma/mentions-legales.html,True
https://www.fixeo.ma/plombier/casablanca,Plombier Casablanca,a-propos.html,200,https://www.fixeo.ma/plombier/casablanca,True
https://www.fixeo.ma/electricien/casablanca,Électricien Casablanca,a-propos.html,200,https://www.fixeo.ma/electricien/casablanca,True
https://www.fixeo.ma/serrurier/rabat,Serrurier Rabat,a-propos.html,200,https://www.fixeo.ma/serrurier/rabat,True
https://www.fixeo.ma/climatisation/marrakech,Climatisation Marrakech,a-propos.html,200,https://www.fixeo.ma/climatisation/marrakech,True
https://www.fixeo.ma/plombier/fes,Plombier Fès,a-propos.html,200,https://www.fixeo.ma/plombier/fes,True
https://www.fixeo.ma/electricien/tanger,Électricien Tanger,a-propos.html,200,https://www.fixeo.ma/electricien/tanger,True
https://www.fixeo.ma/suivi,Suivez votre intervention →,blog-index.html,200,https://www.fixeo.ma/suivi,True
https://www.fixeo.ma/climatisation/agadir,technicien climatisation à Agadir,prix-climatisation-agadir.html,200,https://www.fixeo.ma/climatisation/agadir,True
https://www.fixeo.ma/prix/climatisation/casablanca,Prix Climatisation Casablanca,prix-climatisation-agadir.html,200,https://www.fixeo.ma/prix/climatisation/casablanca,True
https://www.fixeo.ma/prix/climatisation/marrakech,Prix Climatisation Marrakech,prix-climatisation-agadir.html,200,https://www.fixeo.ma/prix/climatisation/marrakech,True
https://www.fixeo.ma/prix/climatisation/fes,Prix Climatisation Fès,prix-climatisation-agadir.html,200,https://www.fixeo.ma/prix/climatisation/fes,True
https://www.fixeo.ma/climatisation/beni-mellal,technicien climatisation à Béni Mellal,prix-climatisation-beni-mellal.html,200,https://www.fixeo.ma/climatisation/beni-mellal,True
https://www.fixeo.ma/climatisation/casablanca,technicien climatisation à Casablanca,prix-climatisation-casablanca.html,200,https://www.fixeo.ma/climatisation/casablanca,True
https://www.fixeo.ma/climatisation/el-jadida,technicien climatisation à El Jadida,prix-climatisation-el-jadida.html,200,https://www.fixeo.ma/climatisation/el-jadida,True
https://www.fixeo.ma/climatisation/fes,technicien climatisation à Fès,prix-climatisation-fes.html,200,https://www.fixeo.ma/climatisation/fes,True
https://www.fixeo.ma/climatisation/kenitra,technicien climatisation à Kénitra,prix-climatisation-kenitra.html,200,https://www.fixeo.ma/climatisation/kenitra,True
https://www.fixeo.ma/climatisation/khouribga,technicien climatisation à Khouribga,prix-climatisation-khouribga.html,200,https://www.fixeo.ma/climatisation/khouribga,True
https://www.fixeo.ma/climatisation/meknes,technicien climatisation à Meknès,prix-climatisation-meknes.html,200,https://www.fixeo.ma/climatisation/meknes,True
https://www.fixeo.ma/climatisation/mohammedia,technicien climatisation à Mohammedia,prix-climatisation-mohammedia.html,200,https://www.fixeo.ma/climatisation/mohammedia,True
https://www.fixeo.ma/climatisation/nador,technicien climatisation à Nador,prix-climatisation-nador.html,200,https://www.fixeo.ma/climatisation/nador,True
https://www.fixeo.ma/climatisation/ouarzazate,technicien climatisation à Ouarzazate,prix-climatisation-ouarzazate.html,200,https://www.fixeo.ma/climatisation/ouarzazate,True
https://www.fixeo.ma/climatisation/oujda,technicien climatisation à Oujda,prix-climatisation-oujda.html,200,https://www.fixeo.ma/climatisation/oujda,True
https://www.fixeo.ma/climatisation/rabat,technicien climatisation à Rabat,prix-climatisation-rabat.html,200,https://www.fixeo.ma/climatisation/rabat,True
https://www.fixeo.ma/climatisation/safi,technicien climatisation à Safi,prix-climatisation-safi.html,200,https://www.fixeo.ma/climatisation/safi,True
https://www.fixeo.ma/climatisation/sale,technicien climatisation à Salé,prix-climatisation-sale.html,200,https://www.fixeo.ma/climatisation/sale,True
https://www.fixeo.ma/climatisation/tanger,technicien climatisation à Tanger,prix-climatisation-tanger.html,200,https://www.fixeo.ma/climatisation/tanger,True
https://www.fixeo.ma/climatisation/taza,technicien climatisation à Taza,prix-climatisation-taza.html,200,https://www.fixeo.ma/climatisation/taza,True
https://www.fixeo.ma/climatisation/temara,technicien climatisation à Temara,prix-climatisation-temara.html,200,https://www.fixeo.ma/climatisation/temara,True
https://www.fixeo.ma/climatisation/tetouan,technicien climatisation à Tétouan,prix-climatisation-tetouan.html,200,https://www.fixeo.ma/climatisation/tetouan,True
https://www.fixeo.ma/electricien/agadir,électricien à Agadir,prix-electricite-agadir.html,200,https://www.fixeo.ma/electricien/agadir,True
https://www.fixeo.ma/prix/electricite/casablanca,Prix Électricité Casablanca,prix-electricite-agadir.html,200,https://www.fixeo.ma/prix/electricite/casablanca,True
https://www.fixeo.ma/prix/electricite/marrakech,Prix Électricité Marrakech,prix-electricite-agadir.html,200,https://www.fixeo.ma/prix/electricite/marrakech,True
https://www.fixeo.ma/prix/electricite/fes,Prix Électricité Fès,prix-electricite-agadir.html,200,https://www.fixeo.ma/prix/electricite/fes,True
https://www.fixeo.ma/electricien/beni-mellal,électricien à Béni Mellal,prix-electricite-beni-mellal.html,200,https://www.fixeo.ma/electricien/beni-mellal,True
https://www.fixeo.ma/electricien/el-jadida,électricien à El Jadida,prix-electricite-el-jadida.html,200,https://www.fixeo.ma/electricien/el-jadida,True
https://www.fixeo.ma/electricien/fes,électricien à Fès,prix-electricite-fes.html,200,https://www.fixeo.ma/electricien/fes,True
https://www.fixeo.ma/electricien/kenitra,électricien à Kénitra,prix-electricite-kenitra.html,200,https://www.fixeo.ma/electricien/kenitra,True
https://www.fixeo.ma/electricien/khouribga,électricien à Khouribga,prix-electricite-khouribga.html,200,https://www.fixeo.ma/electricien/khouribga,True
https://www.fixeo.ma/electricien/marrakech,électricien à Marrakech,prix-electricite-marrakech.html,200,https://www.fixeo.ma/electricien/marrakech,True
https://www.fixeo.ma/electricien/meknes,électricien à Meknès,prix-electricite-meknes.html,200,https://www.fixeo.ma/electricien/meknes,True
https://www.fixeo.ma/electricien/mohammedia,électricien à Mohammedia,prix-electricite-mohammedia.html,200,https://www.fixeo.ma/electricien/mohammedia,True
https://www.fixeo.ma/electricien/nador,électricien à Nador,prix-electricite-nador.html,200,https://www.fixeo.ma/electricien/nador,True
https://www.fixeo.ma/electricien/ouarzazate,électricien à Ouarzazate,prix-electricite-ouarzazate.html,200,https://www.fixeo.ma/electricien/ouarzazate,True
https://www.fixeo.ma/electricien/oujda,électricien à Oujda,prix-electricite-oujda.html,200,https://www.fixeo.ma/electricien/oujda,True
https://www.fixeo.ma/electricien/rabat,électricien à Rabat,prix-electricite-rabat.html,200,https://www.fixeo.ma/electricien/rabat,True
https://www.fixeo.ma/electricien/safi,électricien à Safi,prix-electricite-safi.html,200,https://www.fixeo.ma/electricien/safi,True
https://www.fixeo.ma/electricien/sale,électricien à Salé,prix-electricite-sale.html,200,https://www.fixeo.ma/electricien/sale,True
https://www.fixeo.ma/electricien/taza,électricien à Taza,prix-electricite-taza.html,200,https://www.fixeo.ma/electricien/taza,True
https://www.fixeo.ma/electricien/temara,électricien à Temara,prix-electricite-temara.html,200,https://www.fixeo.ma/electricien/temara,True
https://www.fixeo.ma/electricien/tetouan,électricien à Tétouan,prix-electricite-tetouan.html,200,https://www.fixeo.ma/electricien/tetouan,True
https://www.fixeo.ma/prix/menuiserie/casablanca,Prix Menuiserie Casablanca,prix-menuiserie-agadir.html,200,https://www.fixeo.ma/prix/menuiserie/casablanca,True
https://www.fixeo.ma/prix/menuiserie/marrakech,Prix Menuiserie Marrakech,prix-menuiserie-agadir.html,200,https://www.fixeo.ma/prix/menuiserie/marrakech,True
https://www.fixeo.ma/prix/menuiserie/fes,Prix Menuiserie Fès,prix-menuiserie-agadir.html,200,https://www.fixeo.ma/prix/menuiserie/fes,True
https://www.fixeo.ma/peintre/agadir,peintre à Agadir,prix-peinture-agadir.html,200,https://www.fixeo.ma/peintre/agadir,True
https://www.fixeo.ma/prix/peinture/casablanca,Prix Peinture Casablanca,prix-peinture-agadir.html,200,https://www.fixeo.ma/prix/peinture/casablanca,True
https://www.fixeo.ma/prix/peinture/marrakech,Prix Peinture Marrakech,prix-peinture-agadir.html,200,https://www.fixeo.ma/prix/peinture/marrakech,True
https://www.fixeo.ma/prix/peinture/fes,Prix Peinture Fès,prix-peinture-agadir.html,200,https://www.fixeo.ma/prix/peinture/fes,True
https://www.fixeo.ma/peintre/beni-mellal,peintre à Béni Mellal,prix-peinture-beni-mellal.html,200,https://www.fixeo.ma/peintre/beni-mellal,True
https://www.fixeo.ma/peintre/casablanca,peintre à Casablanca,prix-peinture-casablanca.html,200,https://www.fixeo.ma/peintre/casablanca,True
https://www.fixeo.ma/peintre/el-jadida,peintre à El Jadida,prix-peinture-el-jadida.html,200,https://www.fixeo.ma/peintre/el-jadida,True
https://www.fixeo.ma/peintre/fes,peintre à Fès,prix-peinture-fes.html,200,https://www.fixeo.ma/peintre/fes,True
https://www.fixeo.ma/peintre/kenitra,peintre à Kénitra,prix-peinture-kenitra.html,200,https://www.fixeo.ma/peintre/kenitra,True
https://www.fixeo.ma/peintre/khouribga,peintre à Khouribga,prix-peinture-khouribga.html,200,https://www.fixeo.ma/peintre/khouribga,True
https://www.fixeo.ma/peintre/marrakech,peintre à Marrakech,prix-peinture-marrakech.html,200,https://www.fixeo.ma/peintre/marrakech,True
https://www.fixeo.ma/peintre/meknes,peintre à Meknès,prix-peinture-meknes.html,200,https://www.fixeo.ma/peintre/meknes,True
https://www.fixeo.ma/peintre/mohammedia,peintre à Mohammedia,prix-peinture-mohammedia.html,200,https://www.fixeo.ma/peintre/mohammedia,True
https://www.fixeo.ma/peintre/nador,peintre à Nador,prix-peinture-nador.html,200,https://www.fixeo.ma/peintre/nador,True
https://www.fixeo.ma/peintre/ouarzazate,peintre à Ouarzazate,prix-peinture-ouarzazate.html,200,https://www.fixeo.ma/peintre/ouarzazate,True
https://www.fixeo.ma/peintre/oujda,peintre à Oujda,prix-peinture-oujda.html,200,https://www.fixeo.ma/peintre/oujda,True
https://www.fixeo.ma/peintre/rabat,peintre à Rabat,prix-peinture-rabat.html,200,https://www.fixeo.ma/peintre/rabat,True
https://www.fixeo.ma/peintre/safi,peintre à Safi,prix-peinture-safi.html,200,https://www.fixeo.ma/peintre/safi,True
https://www.fixeo.ma/peintre/sale,peintre à Salé,prix-peinture-sale.html,200,https://www.fixeo.ma/peintre/sale,True
https://www.fixeo.ma/peintre/tanger,peintre à Tanger,prix-peinture-tanger.html,200,https://www.fixeo.ma/peintre/tanger,True
https://www.fixeo.ma/peintre/taza,peintre à Taza,prix-peinture-taza.html,200,https://www.fixeo.ma/peintre/taza,True
https://www.fixeo.ma/peintre/temara,peintre à Temara,prix-peinture-temara.html,200,https://www.fixeo.ma/peintre/temara,True
https://www.fixeo.ma/peintre/tetouan,peintre à Tétouan,prix-peinture-tetouan.html,200,https://www.fixeo.ma/peintre/tetouan,True
https://www.fixeo.ma/plombier/agadir,plombier à Agadir,prix-plomberie-agadir.html,200,https://www.fixeo.ma/plombier/agadir,True
https://www.fixeo.ma/prix/plomberie/casablanca,Prix Plomberie Casablanca,prix-plomberie-agadir.html,200,https://www.fixeo.ma/prix/plomberie/casablanca,True
https://www.fixeo.ma/prix/plomberie/marrakech,Prix Plomberie Marrakech,prix-plomberie-agadir.html,200,https://www.fixeo.ma/prix/plomberie/marrakech,True
https://www.fixeo.ma/prix/plomberie/fes,Prix Plomberie Fès,prix-plomberie-agadir.html,200,https://www.fixeo.ma/prix/plomberie/fes,True
https://www.fixeo.ma/plombier/beni-mellal,plombier à Béni Mellal,prix-plomberie-beni-mellal.html,200,https://www.fixeo.ma/plombier/beni-mellal,True
https://www.fixeo.ma/plombier/el-jadida,plombier à El Jadida,prix-plomberie-el-jadida.html,200,https://www.fixeo.ma/plombier/el-jadida,True
https://www.fixeo.ma/plombier/kenitra,plombier à Kénitra,prix-plomberie-kenitra.html,200,https://www.fixeo.ma/plombier/kenitra,True
https://www.fixeo.ma/plombier/khouribga,plombier à Khouribga,prix-plomberie-khouribga.html,200,https://www.fixeo.ma/plombier/khouribga,True
https://www.fixeo.ma/plombier/marrakech,plombier à Marrakech,prix-plomberie-marrakech.html,200,https://www.fixeo.ma/plombier/marrakech,True
https://www.fixeo.ma/plombier/meknes,plombier à Meknès,prix-plomberie-meknes.html,200,https://www.fixeo.ma/plombier/meknes,True
https://www.fixeo.ma/plombier/mohammedia,plombier à Mohammedia,prix-plomberie-mohammedia.html,200,https://www.fixeo.ma/plombier/mohammedia,True
https://www.fixeo.ma/plombier/nador,plombier à Nador,prix-plomberie-nador.html,200,https://www.fixeo.ma/plombier/nador,True
https://www.fixeo.ma/plombier/ouarzazate,plombier à Ouarzazate,prix-plomberie-ouarzazate.html,200,https://www.fixeo.ma/plombier/ouarzazate,True
https://www.fixeo.ma/plombier/oujda,plombier à Oujda,prix-plomberie-oujda.html,200,https://www.fixeo.ma/plombier/oujda,True
https://www.fixeo.ma/plombier/rabat,plombier à Rabat,prix-plomberie-rabat.html,200,https://www.fixeo.ma/plombier/rabat,True
https://www.fixeo.ma/plombier/safi,plombier à Safi,prix-plomberie-safi.html,200,https://www.fixeo.ma/plombier/safi,True
https://www.fixeo.ma/plombier/sale,plombier à Salé,prix-plomberie-sale.html,200,https://www.fixeo.ma/plombier/sale,True
https://www.fixeo.ma/plombier/tanger,plombier à Tanger,prix-plomberie-tanger.html,200,https://www.fixeo.ma/plombier/tanger,True
https://www.fixeo.ma/plombier/taza,plombier à Taza,prix-plomberie-taza.html,200,https://www.fixeo.ma/plombier/taza,True
https://www.fixeo.ma/plombier/temara,plombier à Temara,prix-plomberie-temara.html,200,https://www.fixeo.ma/plombier/temara,True
https://www.fixeo.ma/plombier/tetouan,plombier à Tétouan,prix-plomberie-tetouan.html,200,https://www.fixeo.ma/plombier/tetouan,True
https://www.fixeo.ma/serrurier/agadir,serrurier à Agadir,prix-serrurerie-agadir.html,200,https://www.fixeo.ma/serrurier/agadir,True
https://www.fixeo.ma/prix/serrurerie/casablanca,Prix Serrurerie Casablanca,prix-serrurerie-agadir.html,200,https://www.fixeo.ma/prix/serrurerie/casablanca,True
https://www.fixeo.ma/prix/serrurerie/marrakech,Prix Serrurerie Marrakech,prix-serrurerie-agadir.html,200,https://www.fixeo.ma/prix/serrurerie/marrakech,True
https://www.fixeo.ma/prix/serrurerie/fes,Prix Serrurerie Fès,prix-serrurerie-agadir.html,200,https://www.fixeo.ma/prix/serrurerie/fes,True
https://www.fixeo.ma/serrurier/beni-mellal,serrurier à Béni Mellal,prix-serrurerie-beni-mellal.html,200,https://www.fixeo.ma/serrurier/beni-mellal,True
https://www.fixeo.ma/serrurier/casablanca,serrurier à Casablanca,prix-serrurerie-casablanca.html,200,https://www.fixeo.ma/serrurier/casablanca,True
https://www.fixeo.ma/serrurier/el-jadida,serrurier à El Jadida,prix-serrurerie-el-jadida.html,200,https://www.fixeo.ma/serrurier/el-jadida,True
https://www.fixeo.ma/serrurier/fes,serrurier à Fès,prix-serrurerie-fes.html,200,https://www.fixeo.ma/serrurier/fes,True
https://www.fixeo.ma/serrurier/kenitra,serrurier à Kénitra,prix-serrurerie-kenitra.html,200,https://www.fixeo.ma/serrurier/kenitra,True
https://www.fixeo.ma/serrurier/khouribga,serrurier à Khouribga,prix-serrurerie-khouribga.html,200,https://www.fixeo.ma/serrurier/khouribga,True
https://www.fixeo.ma/serrurier/marrakech,serrurier à Marrakech,prix-serrurerie-marrakech.html,200,https://www.fixeo.ma/serrurier/marrakech,True
https://www.fixeo.ma/serrurier/meknes,serrurier à Meknès,prix-serrurerie-meknes.html,200,https://www.fixeo.ma/serrurier/meknes,True
https://www.fixeo.ma/serrurier/mohammedia,serrurier à Mohammedia,prix-serrurerie-mohammedia.html,200,https://www.fixeo.ma/serrurier/mohammedia,True
https://www.fixeo.ma/serrurier/nador,serrurier à Nador,prix-serrurerie-nador.html,200,https://www.fixeo.ma/serrurier/nador,True
https://www.fixeo.ma/serrurier/ouarzazate,serrurier à Ouarzazate,prix-serrurerie-ouarzazate.html,200,https://www.fixeo.ma/serrurier/ouarzazate,True
https://www.fixeo.ma/serrurier/oujda,serrurier à Oujda,prix-serrurerie-oujda.html,200,https://www.fixeo.ma/serrurier/oujda,True
https://www.fixeo.ma/serrurier/safi,serrurier à Safi,prix-serrurerie-safi.html,200,https://www.fixeo.ma/serrurier/safi,True
https://www.fixeo.ma/serrurier/sale,serrurier à Salé,prix-serrurerie-sale.html,200,https://www.fixeo.ma/serrurier/sale,True
https://www.fixeo.ma/serrurier/tanger,serrurier à Tanger,prix-serrurerie-tanger.html,200,https://www.fixeo.ma/serrurier/tanger,True
https://www.fixeo.ma/serrurier/taza,serrurier à Taza,prix-serrurerie-taza.html,200,https://www.fixeo.ma/serrurier/taza,True
https://www.fixeo.ma/serrurier/temara,serrurier à Temara,prix-serrurerie-temara.html,200,https://www.fixeo.ma/serrurier/temara,True
https://www.fixeo.ma/serrurier/tetouan,serrurier à Tétouan,prix-serrurerie-tetouan.html,200,https://www.fixeo.ma/serrurier/tetouan,True
https://www.fixeo.ma/nos-garanties,Nos garanties,problem-chauffe-eau-en-panne-agadir.html,200,https://www.fixeo.ma/nos-garanties,True
https://www.fixeo.ma/verification-artisans,Vérification artisans,problem-chauffe-eau-en-panne-agadir.html,200,https://www.fixeo.ma/verification-artisans,True
https://www.fixeo.ma/blog-index.html,Blog,problem-chauffe-eau-en-panne-agadir.html,200,https://www.fixeo.ma/blog-index.html,True
